"image,""xmin"",""ymin"",""xmax"",""ymax"",""label"""
"01-480-30-Original.mp4#t=5.166667.jpg,265.08038585209,137.36334405144694,285.9163987138263,171.3183279742765,""LubangJalan"""
"01-480-30-Original.mp4#t=4.566667.jpg,241.15755627009645,6.945337620578778,264.3086816720257,42.443729903536976,""LubangJalan"""
"01-480-30-Original.mp4#t=4.6.jpg,241.15755627009645,6.945337620578778,265.08038585209,38.58520900321543,""LubangJalan"""
"01-480-30-Original.mp4#t=4.633333.jpg,244.24437299035367,14.662379421221864,265.08038585209,48.61736334405144,""LubangJalan"""
"01-480-30-Original.mp4#t=4.666667.jpg,246.5594855305466,28.55305466237942,267.39549839228295,61.73633440514469,""LubangJalan"""
"01-480-30-Original.mp4#t=6.2.jpg,309.8392282958199,373.5048231511254,334.53376205787777,411.3183279742765,""LubangJalan"""
"01-480-30-Original.mp4#t=4.733333.jpg,248.10289389067523,33.95498392282958,268.9389067524116,71.7684887459807,""LubangJalan"""
"01-480-30-Original.mp4#t=4.7.jpg,245.7877813504823,27.0096463022508,268.16720257234726,62.508038585209,""LubangJalan"""
"01-480-30-Original.mp4#t=4.766667.jpg,249.64630225080384,47.073954983922825,269.71061093247584,86.43086816720256,""LubangJalan"""
"01-480-30-Original.mp4#t=4.8.jpg,250.41800643086816,47.845659163987136,269.7106109324759,83.34405144694534,""LubangJalan"""
"01-480-30-Original.mp4#t=4.833333.jpg,249.64630225080384,55.562700964630224,271.2540192926045,94.14790996784566,""LubangJalan"""
"01-480-30-Original.mp4#t=4.866667.jpg,253.50482315112538,70.22508038585208,275.112540192926,107.2668810289389,""LubangJalan"""
"01-480-30-Original.mp4#t=4.966667.jpg,253.50482315112538,91.83279742765272,278.97106109324756,128.10289389067523,""LubangJalan"""
"01-480-30-Original.mp4#t=4.9.jpg,251.96141479099677,69.45337620578778,274.3408360128617,107.2668810289389,""LubangJalan"""
"01-480-30-Original.mp4#t=4.933333.jpg,252.7331189710611,75.62700964630224,275.88424437299034,111.89710610932474,""LubangJalan"""
"01-480-30-Original.mp4#t=5.jpg,255.8199356913183,91.83279742765272,278.19935691318324,129.64630225080384,""LubangJalan"""
"01-480-30-Original.mp4#t=5.033333.jpg,256.5916398713826,100.32154340836013,279.7427652733119,135.81993569131834,""LubangJalan"""
"01-480-30-Original.mp4#t=5.2.jpg,265.8520900321543,135.8199356913183,285.9163987138263,173.63344051446944,""LubangJalan"""
"01-480-30-Original.mp4#t=5.066667.jpg,259.6784565916399,115.75562700964629,281.2861736334405,150.48231511254016,""LubangJalan"""
"01-480-30-Original.mp4#t=5.133333.jpg,263.5369774919614,121.92926045016077,283.6012861736334,155.88424437299034,""LubangJalan"""
"01-480-30-Original.mp4#t=5.1.jpg,261.99356913183277,113.44051446945336,282.0578778135048,150.48231511254016,""LubangJalan"""
"01-480-30-Original.mp4#t=5.233333.jpg,267.39549839228295,142.7652733118971,286.6881028938907,180.5787781350482,""LubangJalan"""
"01-480-30-Original.mp4#t=5.266667.jpg,268.16720257234726,159.74276527331187,289.7749196141479,195.24115755627008,""LubangJalan"""
"01-480-30-Original.mp4#t=5.366667.jpg,272.7974276527331,184.43729903536976,293.63344051446944,218.39228295819933,""LubangJalan"""
"01-480-30-Original.mp4#t=5.333333.jpg,270.48231511254016,167.45980707395498,291.3183279742765,204.5016077170418,""LubangJalan"""
"01-480-30-Original.mp4#t=5.3.jpg,268.16720257234726,160.5144694533762,290.5466237942122,194.46945337620576,""LubangJalan"""
"01-480-30-Original.mp4#t=5.4.jpg,272.0257234726688,182.12218649517683,295.1768488745981,218.39228295819933,""LubangJalan"""
"01-480-30-Original.mp4#t=5.433333.jpg,274.3408360128617,191.38263665594855,296.72025723472666,225.33762057877811,""LubangJalan"""
"01-480-30-Original.mp4#t=5.466667.jpg,277.427652733119,206.81672025723472,299.0353697749196,241.5434083601286,""LubangJalan"""
"01-480-30-Original.mp4#t=5.5.jpg,278.97106109324756,205.27331189710608,299.8070739549839,240.7717041800643,""LubangJalan"""
"01-480-30-Original.mp4#t=5.533333.jpg,278.97106109324756,212.99035369774919,300.5787781350482,250.032154340836,""LubangJalan"""
"01-480-30-Original.mp4#t=5.633333.jpg,283.6012861736334,237.68488745980707,303.6655948553054,275.4983922829582,""LubangJalan"""
"01-480-30-Original.mp4#t=5.566667.jpg,279.7427652733119,228.42443729903536,304.43729903536973,267.7813504823151,""LubangJalan"""
"01-480-30-Original.mp4#t=5.666667.jpg,285.14469453376205,255.43408360128615,307.524115755627,291.7041800643087,""LubangJalan"""
"01-480-30-Original.mp4#t=5.6.jpg,281.2861736334405,230.7395498392283,304.4372990353698,264.69453376205786,""LubangJalan"""
"01-480-30-Original.mp4#t=5.7.jpg,285.91639871382637,253.89067524115754,306.7524115755627,290.93247588424435,""LubangJalan"""
"01-480-30-Original.mp4#t=5.766667.jpg,292.0900321543408,278.5852090032154,314.46945337620576,312.540192926045,""LubangJalan"""
"01-480-30-Original.mp4#t=5.833333.jpg,292.8617363344051,285.5305466237942,313.69774919614144,321.8006430868167,""LubangJalan"""
"01-480-30-Original.mp4#t=5.733333.jpg,287.45980707395495,262.37942122186496,309.0675241157556,297.87781350482317,""LubangJalan"""
"01-480-30-Original.mp4#t=5.8.jpg,289.7749196141479,277.0418006430868,313.69774919614144,316.39871382636653,""LubangJalan"""
"01-480-30-Original.mp4#t=5.866667.jpg,296.72025723472666,304.8231511254019,318.3279742765273,338.7781350482315,""LubangJalan"""
"01-480-30-Original.mp4#t=5.933333.jpg,299.0353697749196,309.4533762057878,320.64308681672026,344.951768488746,""LubangJalan"""
"01-480-30-Original.mp4#t=5.9.jpg,296.72025723472666,303.2797427652733,317.556270096463,339.5498392282958,""LubangJalan"""
"01-480-30-Original.mp4#t=6.jpg,301.3504823151125,327.97427652733114,323.7299035369775,362.70096463022503,""LubangJalan"""
"01-480-30-Original.mp4#t=5.966667.jpg,301.3504823151125,327.2025723472669,323.7299035369775,361.92926045016077,""LubangJalan"""
"01-480-30-Original.mp4#t=6.033333.jpg,301.3504823151125,334.91961414790995,325.27331189710605,371.1897106109325,""LubangJalan"""
"01-480-30-Original.mp4#t=6.066667.jpg,309.0675241157556,353.4405144694534,329.1318327974276,388.9389067524116,""LubangJalan"""
"01-480-30-Original.mp4#t=6.166667.jpg,312.15434083601286,375.048231511254,334.5337620578778,411.31832797427654,""LubangJalan"""
"01-480-30-Original.mp4#t=6.233333.jpg,313.69774919614144,383.5369774919614,336.0771704180064,418.2636655948553,""LubangJalan"""
"01-480-30-Original.mp4#t=6.1.jpg,305.98070739549837,351.1254019292604,329.13183279742765,385.08038585209,""LubangJalan"""
"01-480-30-Original.mp4#t=6.133333.jpg,307.524115755627,358.8424437299035,329.90353697749197,393.5691318327974,""LubangJalan"""
"01-480-30-Original.mp4#t=6.266667.jpg,315.2411575562701,398.97106109324756,337.62057877813504,433.69774919614144,""LubangJalan"""
"01-480-30-Original.mp4#t=6.3.jpg,316.0128617363344,398.97106109324756,337.62057877813504,435.2411575562701,""LubangJalan"""
"01-480-30-Original.mp4#t=6.333333.jpg,319.87138263665594,409.0032154340836,340.70739549839226,443.7299035369775,""LubangJalan"""
"01-480-30-Original.mp4#t=6.366667.jpg,322.95819935691316,425.98070739549837,344.5659163987138,458.3922829581993,""LubangJalan"""
"01-480-30-Original.mp4#t=6.4.jpg,321.4147909967845,424.43729903536973,344.5659163987138,461.4790996784566,""LubangJalan"""
"01-480-30-Original.mp4#t=10.3.jpg,286.68810289389063,27.781350482315112,322.18649517684884,63.27974276527331,""LubangJalan"""
"01-480-30-Original.mp4#t=10.333333.jpg,286.68810289389063,33.95498392282958,322.95819935691316,70.22508038585208,""LubangJalan"""
"01-480-30-Original.mp4#t=6.466667.jpg,326.8167202572347,450.67524115755623,351.51125401929255,479.99999999999994,""LubangJalan"""
"01-480-30-Original.mp4#t=6.5.jpg,328.36012861736333,449.13183279742765,349.19614147909965,480,""LubangJalan"""
"01-480-30-Original.mp4#t=6.433333.jpg,321.4147909967845,432.9260450160771,346.8810289389067,466.8810289389067,""LubangJalan"""
"01-480-30-Original.mp4#t=10.166667.jpg,289.7749196141479,6.173633440514469,326.8167202572347,43.21543408360129,""LubangJalan"""
"01-480-30-Original.mp4#t=10.233333.jpg,295.94855305466234,13.118971061093246,326.8167202572347,43.98713826366559,""LubangJalan"""
"01-480-30-Original.mp4#t=10.2.jpg,292.8617363344051,4.630225080385852,326.8167202572347,38.585209003215425,""LubangJalan"""
"01-480-30-Original.mp4#t=10.366667.jpg,282.05787781350483,50.160771704180064,321.4147909967846,89.51768488745981,""LubangJalan"""
"01-480-30-Original.mp4#t=10.266667.jpg,286.68810289389063,27.781350482315112,322.95819935691316,64.05144694533762,""LubangJalan"""
"01-480-30-Original.mp4#t=10.4.jpg,284.37299035369773,51.70418006430868,320.64308681672026,87.97427652733118,""LubangJalan"""
"01-480-30-Original.mp4#t=10.433333.jpg,281.2861736334405,59.42122186495177,317.55627009646304,95.69131832797427,""LubangJalan"""
"01-480-30-Original.mp4#t=10.466667.jpg,280.5144694533762,74.85530546623794,317.556270096463,111.89710610932475,""LubangJalan"""
"01-480-30-Original.mp4#t=11.433333.jpg,261.22186495176845,299.42122186495175,295.94855305466234,334.14790996784564,""LubangJalan"""
"01-480-30-Original.mp4#t=10.5.jpg,283.6012861736334,76.39871382636656,319.0996784565916,111.89710610932477,""LubangJalan"""
"01-480-30-Original.mp4#t=10.533333.jpg,283.6012861736334,82.57234726688102,317.556270096463,116.5273311897106,""LubangJalan"""
"01-480-30-Original.mp4#t=10.566667.jpg,276.65594855305466,96.46302250803858,317.55627009646304,137.36334405144694,""LubangJalan"""
"01-480-30-Original.mp4#t=10.633333.jpg,278.19935691318324,104.95176848874597,316.78456591639866,143.5369774919614,""LubangJalan"""
"01-480-30-Original.mp4#t=10.666667.jpg,278.19935691318324,123.47266881028938,313.69774919614144,158.97106109324758,""LubangJalan"""
"01-480-30-Original.mp4#t=10.6.jpg,281.2861736334405,99.54983922829581,315.2411575562701,133.50482315112538,""LubangJalan"""
"01-480-30-Original.mp4#t=10.7.jpg,277.427652733119,121.92926045016077,314.4694533762058,158.97106109324758,""LubangJalan"""
"01-480-30-Original.mp4#t=10.866667.jpg,272.7974276527331,172.86173633440512,307.524115755627,207.588424437299,""LubangJalan"""
"01-480-30-Original.mp4#t=10.8.jpg,275.88424437299034,148.16720257234726,310.6109324758842,182.89389067524115,""LubangJalan"""
"01-480-30-Original.mp4#t=10.766667.jpg,273.5691318327974,149.71061093247587,309.8392282958199,185.98070739549837,""LubangJalan"""
"01-480-30-Original.mp4#t=10.833333.jpg,273.5691318327974,155.88424437299034,308.29581993569127,190.61093247588423,""LubangJalan"""
"01-480-30-Original.mp4#t=10.9.jpg,274.3408360128617,172.86173633440512,306.75241157556263,205.27331189710608,""LubangJalan"""
"01-480-30-Original.mp4#t=10.933333.jpg,272.0257234726688,181.35048231511252,305.98070739549837,215.30546623794208,""LubangJalan"""
"01-480-30-Original.mp4#t=11.033333.jpg,268.16720257234726,202.18649517684887,305.2090032154341,239.22829581993568,""LubangJalan"""
"01-480-30-Original.mp4#t=11.jpg,271.2540192926045,195.24115755627008,304.43729903536973,228.42443729903536,""LubangJalan"""
"01-480-30-Original.mp4#t=10.966667.jpg,268.9389067524116,196.7845659163987,305.2090032154341,233.0546623794212,""LubangJalan"""
"01-480-30-Original.mp4#t=11.066667.jpg,264.3086816720257,217.62057877813504,303.66559485530547,256.9774919614148,""LubangJalan"""
"01-480-30-Original.mp4#t=11.1.jpg,268.16720257234726,214.5337620578778,302.89389067524115,249.26045016077168,""LubangJalan"""
"01-480-30-Original.mp4#t=11.166667.jpg,262.7652733118971,238.45659163987136,302.89389067524115,278.5852090032154,""LubangJalan"""
"01-480-30-Original.mp4#t=11.133333.jpg,263.5369774919614,219.16398713826365,303.66559485530547,259.2926045016077,""LubangJalan"""
"01-480-30-Original.mp4#t=11.2.jpg,265.08038585209,246.17363344051446,302.12218649517683,283.2154340836013,""LubangJalan"""
"01-480-30-Original.mp4#t=11.266667.jpg,262.7652733118971,268.5530546623794,295.94855305466234,301.73633440514465,""LubangJalan"""
"01-480-30-Original.mp4#t=11.233333.jpg,258.90675241157555,251.5755627009646,300.5787781350482,293.24758842443725,""LubangJalan"""
"01-480-30-Original.mp4#t=11.366667.jpg,258.90675241157555,290.93247588424435,297.491961414791,329.5176848874598,""LubangJalan"""
"01-480-30-Original.mp4#t=11.3.jpg,262.7652733118971,263.92282958199354,299.0353697749196,300.19292604501607,""LubangJalan"""
"01-480-30-Original.mp4#t=11.333333.jpg,263.5369774919614,276.27009646302247,299.0353697749196,311.7684887459807,""LubangJalan"""
"01-480-30-Original.mp4#t=11.466667.jpg,258.90675241157555,315.6270096463022,293.63344051446944,350.3536977491961,""LubangJalan"""
"01-480-30-Original.mp4#t=11.4.jpg,258.13504823151123,290.16077170418004,295.94855305466234,327.97427652733114,""LubangJalan"""
"01-480-30-Original.mp4#t=11.566667.jpg,254.2765273311897,338.7781350482315,294.40514469453376,378.90675241157555,""LubangJalan"""
"01-480-30-Original.mp4#t=11.5.jpg,259.6784565916399,316.39871382636653,294.40514469453376,351.1254019292604,""LubangJalan"""
"01-480-30-Original.mp4#t=11.533333.jpg,257.3633440514469,323.34405144694534,295.176848874598,361.15755627009645,""LubangJalan"""
"01-480-30-Original.mp4#t=11.633333.jpg,255.8199356913183,346.49517684887456,290.5466237942122,381.22186495176845,""LubangJalan"""
"01-480-30-Original.mp4#t=11.6.jpg,257.3633440514469,340.3215434083601,293.63344051446944,376.59163987138265,""LubangJalan"""
"01-480-30-Original.mp4#t=11.7.jpg,251.96141479099677,362.70096463022503,288.23151125401927,398.97106109324756,""LubangJalan"""
"01-480-30-Original.mp4#t=11.666667.jpg,252.7331189710611,365.016077170418,289.0032154340836,401.2861736334405,""LubangJalan"""
"01-480-30-Original.mp4#t=11.733333.jpg,253.50482315112538,371.96141479099674,286.68810289389063,405.144694533762,""LubangJalan"""
"01-480-30-Original.mp4#t=11.766667.jpg,249.64630225080384,387.39549839228295,285.14469453376205,422.89389067524115,""LubangJalan"""
"01-480-30-Original.mp4#t=11.8.jpg,248.87459807073952,388.16720257234726,285.14469453376205,424.4372990353698,""LubangJalan"""
"01-480-30-Original.mp4#t=11.866667.jpg,244.24437299035367,409.7749196141479,281.2861736334405,446.8167202572347,""LubangJalan"""
"01-480-30-Original.mp4#t=11.9.jpg,247.33118971061091,412.0900321543408,282.0578778135048,446.8167202572347,""LubangJalan"""
"01-480-30-Original.mp4#t=11.833333.jpg,250.41800643086816,394.3408360128617,283.6012861736334,427.52411575562695,""LubangJalan"""
"01-480-30-Original.mp4#t=11.933333.jpg,247.33118971061091,419.03536977491956,279.7427652733119,451.4469453376205,""LubangJalan"""
"01-480-30-Original.mp4#t=12.033333.jpg,241.92926045016077,442.18649517684884,278.9710610932476,479.2282958199356,""LubangJalan"""
"01-480-30-Original.mp4#t=12.jpg,245.016077170418,435.2411575562701,278.19935691318324,468.42443729903533,""LubangJalan"""
"01-480-30-Original.mp4#t=11.966667.jpg,245.016077170418,435.2411575562701,281.2861736334405,471.5112540192926,""LubangJalan"""
"02-480-30-90H.mp4#t=5.666667.jpg,18.135048231511252,195.24115755627008,92.21864951768488,252.34726688102893,""LubangJalan"""
"02-480-30-90H.mp4#t=5.7.jpg,16.591639871382636,196.0128617363344,92.9903536977492,253.11897106109325,""LubangJalan"""
"02-480-30-90H.mp4#t=5.633333.jpg,4.244372990353697,194.46945337620576,82.95819935691317,256.9774919614148,""LubangJalan"""
"02-480-30-90H.mp4#t=5.8.jpg,30.482315112540192,196.0128617363344,107.65273311897106,253.89067524115754,""LubangJalan"""
"02-480-30-90H.mp4#t=5.766667.jpg,33.569131832797424,196.0128617363344,109.96784565916398,253.89067524115754,""LubangJalan"""
"02-480-30-90H.mp4#t=5.833333.jpg,38.971061093247584,196.0128617363344,113.05466237942122,253.89067524115754,""LubangJalan"""
"02-480-30-90H.mp4#t=5.866667.jpg,49.774919614147905,198.32797427652733,124.63022508038584,255.43408360128618,""LubangJalan"""
"02-480-30-90H.mp4#t=5.733333.jpg,22.765273311897104,195.24115755627008,97.62057877813504,253.11897106109322,""LubangJalan"""
"02-480-30-90H.mp4#t=5.966667.jpg,63.665594855305464,197.556270096463,140.83601286173632,255.43408360128615,""LubangJalan"""
"02-480-30-90H.mp4#t=5.933333.jpg,49.0032154340836,197.556270096463,128.4887459807074,255.43408360128615,""LubangJalan"""
"02-480-30-90H.mp4#t=6.jpg,64.43729903536978,199.09967845659162,140.064308681672,254.66237942122183,""LubangJalan"""
"02-480-30-90H.mp4#t=6.033333.jpg,69.06752411575562,198.32797427652733,146.2379421221865,255.43408360128618,""LubangJalan"""
"02-480-30-90H.mp4#t=5.9.jpg,47.459807073954984,196.0128617363344,123.08681672025722,255.43408360128618,""LubangJalan"""
"02-480-30-90H.mp4#t=6.1.jpg,76.7845659163987,199.87138263665594,154.7266881028939,256.20578778135047,""LubangJalan"""
"02-480-30-90H.mp4#t=6.066667.jpg,78.32797427652733,199.09967845659162,156.2700964630225,256.20578778135047,""LubangJalan"""
"02-480-30-90H.mp4#t=6.133333.jpg,86.81672025723472,200.64308681672026,160.90032154340835,256.20578778135047,""LubangJalan"""
"02-480-30-90H.mp4#t=6.2.jpg,93.7620578778135,199.09967845659162,174.0192926045016,257.74919614147905,""LubangJalan"""
"02-480-30-90H.mp4#t=6.166667.jpg,96.07717041800642,200.64308681672026,172.475884244373,255.43408360128618,""LubangJalan"""
"02-480-30-90H.mp4#t=6.266667.jpg,113.05466237942122,200.64308681672026,189.45337620578778,259.2926045016077,""LubangJalan"""
"02-480-30-90H.mp4#t=6.233333.jpg,98.39228295819935,199.87138263665594,177.10610932475882,256.20578778135047,""LubangJalan"""
"02-480-30-90H.mp4#t=6.3.jpg,108.42443729903536,200.64308681672026,188.68167202572346,256.20578778135047,""LubangJalan"""
"02-480-30-90H.mp4#t=6.366667.jpg,127.71704180064307,199.09967845659162,204.88745980707392,257.74919614147905,""LubangJalan"""
"02-480-30-90H.mp4#t=6.333333.jpg,118.45659163987138,199.87138263665594,194.85530546623795,258.5209003215434,""LubangJalan"""
"02-480-30-90H.mp4#t=6.433333.jpg,133.11897106109325,202.18649517684887,210.2893890675241,259.2926045016077,""LubangJalan"""
"02-480-30-90H.mp4#t=6.466667.jpg,143.92282958199357,202.95819935691318,221.09324758842445,260.064308681672,""LubangJalan"""
"02-480-30-90H.mp4#t=6.5.jpg,145.46623794212218,202.18649517684887,221.86495176848874,257.7491961414791,""LubangJalan"""
"02-480-30-90H.mp4#t=6.533333.jpg,149.3247588424437,201.41479099678455,224.95176848874596,263.1511254019292,""LubangJalan"""
"02-480-30-90H.mp4#t=6.4.jpg,128.4887459807074,199.09967845659162,205.65916398713824,260.064308681672,""LubangJalan"""
"02-480-30-90H.mp4#t=6.666667.jpg,177.10610932475882,203.72990353697747,253.50482315112538,259.2926045016077,""LubangJalan"""
"02-480-30-90H.mp4#t=6.6.jpg,161.67202572347267,202.18649517684887,236.5273311897106,259.2926045016077,""LubangJalan"""
"02-480-30-90H.mp4#t=6.633333.jpg,166.3022508038585,201.41479099678455,242.70096463022506,260.8360128617363,""LubangJalan"""
"02-480-30-90H.mp4#t=6.566667.jpg,159.35691318327974,201.41479099678455,238.84244372990355,260.064308681672,""LubangJalan"""
"02-480-30-90H.mp4#t=6.7.jpg,177.10610932475882,202.18649517684887,254.2765273311897,260.064308681672,""LubangJalan"""
"02-480-30-90H.mp4#t=6.733333.jpg,183.2797427652733,202.95819935691318,258.90675241157555,260.064308681672,""LubangJalan"""
"02-480-30-90H.mp4#t=6.766667.jpg,193.3118971061093,202.18649517684887,268.9389067524115,260.064308681672,""LubangJalan"""
"02-480-30-90H.mp4#t=6.866667.jpg,208.7459807073955,203.72990353697747,286.6881028938907,261.60771704180064,""LubangJalan"""
"02-480-30-90H.mp4#t=6.833333.jpg,201.0289389067524,202.18649517684887,275.112540192926,260.064308681672,""LubangJalan"""
"02-480-30-90H.mp4#t=6.8.jpg,194.08360128617363,202.18649517684887,268.9389067524116,261.60771704180064,""LubangJalan"""
"02-480-30-90H.mp4#t=6.9.jpg,210.2893890675241,202.18649517684887,286.6881028938907,260.8360128617363,""LubangJalan"""
"02-480-30-90H.mp4#t=6.933333.jpg,215.69131832797427,201.41479099678455,292.8617363344051,261.60771704180064,""LubangJalan"""
"02-480-30-90H.mp4#t=7.jpg,229.5819935691318,202.95819935691318,301.3504823151125,260.064308681672,""LubangJalan"""
"02-480-30-90H.mp4#t=6.966667.jpg,228.81028938906752,202.95819935691318,303.66559485530547,258.5209003215434,""LubangJalan"""
"02-480-30-90H.mp4#t=7.033333.jpg,232.66881028938906,202.18649517684887,309.06752411575565,260.064308681672,""LubangJalan"""
"02-480-30-90H.mp4#t=7.1.jpg,244.24437299035367,202.95819935691318,319.8713826366559,260.064308681672,""LubangJalan"""
"02-480-30-90H.mp4#t=7.166667.jpg,258.13504823151123,202.18649517684887,338.3922829581993,262.37942122186496,""LubangJalan"""
"02-480-30-90H.mp4#t=7.066667.jpg,246.5594855305466,203.72990353697747,319.0996784565916,260.064308681672,""LubangJalan"""
"02-480-30-90H.mp4#t=7.2.jpg,261.22186495176845,202.95819935691318,338.3922829581993,258.5209003215434,""LubangJalan"""
"02-480-30-90H.mp4#t=7.133333.jpg,248.87459807073952,202.18649517684887,325.27331189710605,258.5209003215434,""LubangJalan"""
"02-480-30-90H.mp4#t=7.233333.jpg,265.8520900321543,203.72990353697747,342.25080385852084,258.52090032154337,""LubangJalan"""
"02-480-30-90H.mp4#t=7.3.jpg,278.97106109324756,201.41479099678455,356.1414790996784,260.064308681672,""LubangJalan"""
"02-480-30-90H.mp4#t=7.266667.jpg,279.7427652733119,202.95819935691318,354.5980707395498,260.064308681672,""LubangJalan"""
"02-480-30-90H.mp4#t=7.366667.jpg,297.491961414791,203.72990353697747,371.5755627009646,260.064308681672,""LubangJalan"""
"02-480-30-90H.mp4#t=7.333333.jpg,282.05787781350483,203.72990353697747,358.45659163987136,260.8360128617363,""LubangJalan"""
"02-480-30-90H.mp4#t=7.4.jpg,295.1768488745981,204.5016077170418,371.5755627009646,260.064308681672,""LubangJalan"""
"02-480-30-90H.mp4#t=7.433333.jpg,302.89389067524115,202.95819935691318,378.5209003215434,260.064308681672,""LubangJalan"""
"02-480-30-90H.mp4#t=7.5.jpg,312.15434083601286,202.18649517684887,389.3247588424437,259.2926045016077,""LubangJalan"""
"02-480-30-90H.mp4#t=7.466667.jpg,315.2411575562701,202.18649517684887,389.3247588424437,256.9774919614148,""LubangJalan"""
"02-480-30-90H.mp4#t=7.533333.jpg,320.64308681672026,205.27331189710608,397.8135048231511,262.3794212218649,""LubangJalan"""
"02-480-30-90H.mp4#t=7.566667.jpg,332.9903536977492,202.18649517684887,406.3022508038585,260.064308681672,""LubangJalan"""
"02-480-30-90H.mp4#t=7.6.jpg,332.21864951768487,202.95819935691318,406.3022508038585,259.2926045016077,""LubangJalan"""
"02-480-30-90H.mp4#t=7.666667.jpg,349.96784565916397,202.18649517684887,426.3665594855305,261.60771704180064,""LubangJalan"""
"02-480-30-90H.mp4#t=7.633333.jpg,335.3054662379421,203.72990353697747,414.0192926045016,260.8360128617363,""LubangJalan"""
"02-480-30-90H.mp4#t=7.7.jpg,348.42443729903533,201.41479099678455,426.3665594855305,260.8360128617363,""LubangJalan"""
"02-480-30-90H.mp4#t=7.733333.jpg,356.9131832797427,201.41479099678455,432.54019292604494,263.1511254019292,""LubangJalan"""
"02-480-30-90H.mp4#t=7.766667.jpg,363.0868167202572,202.95819935691318,443.3440514469453,260.064308681672,""LubangJalan"""
"02-480-30-90H.mp4#t=7.8.jpg,366.17363344051444,201.41479099678455,450.2893890675241,260.064308681672,""LubangJalan"""
"02-480-30-90H.mp4#t=7.866667.jpg,383.1511254019292,202.18649517684887,462.636655948553,260.8360128617363,""LubangJalan"""
"02-480-30-90H.mp4#t=7.833333.jpg,369.26045016077165,202.18649517684887,450.28938906752404,259.2926045016077,""LubangJalan"""
"02-480-30-90H-Blur.mp4#t=5.566667.jpg,0,195.24115755627008,78.32797427652733,253.89067524115754,""LubangJalan"""
"02-480-30-90H.mp4#t=7.9.jpg,383.1511254019292,201.41479099678455,461.8649517684887,259.2926045016077,""LubangJalan"""
"02-480-30-90H.mp4#t=7.933333.jpg,390.09646302250803,202.18649517684887,468.8102893890675,259.2926045016077,""LubangJalan"""
"02-480-30-90H.mp4#t=8.jpg,403.98713826366554,202.18649517684887,479.99999999999994,262.37942122186496,""LubangJalan"""
"02-480-30-90H.mp4#t=7.966667.jpg,401.67202572347264,202.95819935691318,480,261.60771704180064,""LubangJalan"""
"03-480-30-MH.mp4#t=7.033333.jpg,276.65594855305466,0,330.67524115755623,37.041800643086816,""LubangJalan"""
"03-480-30-MH.mp4#t=7.1.jpg,277.427652733119,16.20578778135048,326.81672025723475,53.247588424437296,""LubangJalan"""
"03-480-30-MH.mp4#t=7.233333.jpg,276.65594855305466,41.672025723472665,334.5337620578778,93.37620578778134,""LubangJalan"""
"03-480-30-MH.mp4#t=7.066667.jpg,278.97106109324756,15.434083601286172,326.0450160771704,54.0192926045016,""LubangJalan"""
"02-480-30-MV.mp4#t=8.jpg,201.0289389067524,0,262.7652733118971,74.08360128617363,""LubangJalan"""
"03-480-30-MH.mp4#t=7.133333.jpg,275.88424437299034,20.836012861736332,331.44694533762055,67.13826366559485,""LubangJalan"""
"03-480-30-MH.mp4#t=7.166667.jpg,278.19935691318324,37.041800643086816,332.21864951768487,81.02893890675242,""LubangJalan"""
"03-480-30-MH.mp4#t=7.266667.jpg,279.7427652733119,65.59485530546624,330.67524115755623,105.72347266881029,""LubangJalan"""
"03-480-30-MH.mp4#t=7.3.jpg,284.37299035369773,65.59485530546624,330.67524115755623,104.95176848874598,""LubangJalan"""
"03-480-30-MH.mp4#t=7.2.jpg,280.5144694533762,34.72668810289389,333.7620578778135,83.34405144694533,""LubangJalan"""
"03-480-30-MH.mp4#t=7.333333.jpg,282.05787781350483,70.22508038585208,334.5337620578778,116.5273311897106,""LubangJalan"""
"03-480-30-MH.mp4#t=7.466667.jpg,282.8295819935691,109.58199356913182,335.3054662379421,157.42765273311898,""LubangJalan"""
"03-480-30-MH.mp4#t=7.366667.jpg,279.7427652733119,86.43086816720256,334.53376205787777,133.50482315112538,""LubangJalan"""
"03-480-30-MH.mp4#t=7.4.jpg,282.8295819935691,87.97427652733118,339.93569131832794,129.64630225080384,""LubangJalan"""
"03-480-30-MH.mp4#t=7.433333.jpg,278.97106109324756,94.91961414790997,340.70739549839226,138.90675241157555,""LubangJalan"""
"03-480-30-MH.mp4#t=7.5.jpg,284.37299035369773,111.12540192926045,338.3922829581993,157.42765273311898,""LubangJalan"""
"03-480-30-MH.mp4#t=7.533333.jpg,282.8295819935691,119.61414790996784,337.620578778135,166.68810289389066,""LubangJalan"""
"03-480-30-MH.mp4#t=7.6.jpg,285.91639871382637,137.36334405144694,336.8488745980707,181.35048231511254,""LubangJalan"""
"03-480-30-MH.mp4#t=7.566667.jpg,284.37299035369773,137.36334405144694,339.1639871382636,183.66559485530547,""LubangJalan"""
"03-480-30-MH.mp4#t=7.633333.jpg,284.37299035369773,145.08038585209002,339.1639871382636,190.61093247588423,""LubangJalan"""
"03-480-30-MH.mp4#t=7.666667.jpg,284.37299035369773,160.5144694533762,338.3922829581993,208.36012861736333,""LubangJalan"""
"03-480-30-MH.mp4#t=7.733333.jpg,285.91639871382637,169.7749196141479,339.93569131832794,216.07717041800643,""LubangJalan"""
"03-480-30-MH.mp4#t=7.8.jpg,290.5466237942122,187.524115755627,341.4790996784566,234.59807073954983,""LubangJalan"""
"03-480-30-MH.mp4#t=7.766667.jpg,289.0032154340836,187.524115755627,343.0225080385852,236.14147909967846,""LubangJalan"""
"03-480-30-MH.mp4#t=7.7.jpg,285.14469453376205,162.0578778135048,339.1639871382637,209.90353697749194,""LubangJalan"""
"03-480-30-MH.mp4#t=7.833333.jpg,287.45980707395495,198.32797427652733,339.1639871382636,242.31511254019293,""LubangJalan"""
"03-480-30-MH.mp4#t=7.866667.jpg,292.0900321543408,212.21864951768487,343.7942122186495,256.9774919614148,""LubangJalan"""
"03-480-30-MH.mp4#t=7.933333.jpg,289.0032154340836,221.47909967845658,342.2508038585209,265.4662379421222,""LubangJalan"""
"03-480-30-MH.mp4#t=7.9.jpg,289.7749196141479,210.67524115755626,343.0225080385852,259.2926045016077,""LubangJalan"""
"03-480-30-MH.mp4#t=7.966667.jpg,291.3183279742765,236.91318327974275,343.7942122186495,282.44372990353696,""LubangJalan"""
"03-480-30-MH.mp4#t=8.jpg,289.7749196141479,240.7717041800643,343.0225080385852,283.2154340836013,""LubangJalan"""
"03-480-30-MH.mp4#t=8.133333.jpg,292.0900321543408,272.41157556270093,346.8810289389067,317.17041800643085,""LubangJalan"""
"03-480-30-MH.mp4#t=8.1.jpg,292.0900321543408,263.92282958199354,348.42443729903533,307.90996784565914,""LubangJalan"""
"03-480-30-MH.mp4#t=8.033333.jpg,292.0900321543408,244.63022508038583,343.7942122186495,293.24758842443725,""LubangJalan"""
"03-480-30-MH.mp4#t=8.066667.jpg,293.63344051446944,265.4662379421222,346.88102893890675,309.4533762057878,""LubangJalan"""
"03-480-30-MH.mp4#t=8.333333.jpg,292.8617363344051,331.0610932475884,347.652733118971,378.90675241157555,""LubangJalan"""
"03-480-30-MH.mp4#t=8.166667.jpg,292.0900321543408,289.3890675241157,347.652733118971,333.3762057877813,""LubangJalan"""
"03-480-30-MH.mp4#t=8.266667.jpg,294.40514469453376,320.25723472668807,347.65273311897107,359.6141479099678,""LubangJalan"""
"03-480-30-MH.mp4#t=8.233333.jpg,291.3183279742765,300.9646302250804,345.3376205787781,345.7234726688103,""LubangJalan"""
"03-480-30-MH.mp4#t=8.3.jpg,293.63344051446944,315.6270096463022,345.3376205787781,359.6141479099678,""LubangJalan"""
"03-480-30-MH.mp4#t=8.4.jpg,294.40514469453376,343.40836012861735,349.96784565916397,388.9389067524115,""LubangJalan"""
"03-480-30-MH.mp4#t=8.433333.jpg,297.491961414791,351.1254019292604,343.7942122186495,397.4276527331189,""LubangJalan"""
"03-480-30-MH.mp4#t=8.466667.jpg,295.1768488745981,370.41800643086816,346.10932475884243,413.63344051446944,""LubangJalan"""
"03-480-30-MH.mp4#t=8.5.jpg,295.1768488745981,371.1897106109325,346.88102893890675,412.8617363344051,""LubangJalan"""
"03-480-30-MH.mp4#t=8.366667.jpg,292.0900321543408,341.0932475884244,348.42443729903533,386.6237942122186,""LubangJalan"""
"03-480-30-MH.mp4#t=8.6.jpg,295.1768488745981,395.112540192926,348.4244372990354,439.0996784565916,""LubangJalan"""
"03-480-30-MH.mp4#t=8.633333.jpg,295.94855305466234,401.2861736334405,349.9678456591639,449.13183279742765,""LubangJalan"""
"03-480-30-MH.mp4#t=8.533333.jpg,294.40514469453376,377.3633440514469,347.65273311897107,422.8938906752411,""LubangJalan"""
"03-480-30-MH.mp4#t=8.566667.jpg,295.1768488745981,396.65594855305466,347.65273311897107,439.87138263665594,""LubangJalan"""
"03-480-30-MH.mp4#t=8.666667.jpg,295.1768488745981,421.3504823151125,349.19614147909965,466.10932475884243,""LubangJalan"""
"03-480-30-MH.mp4#t=8.7.jpg,295.1768488745981,419.8070739549839,346.88102893890675,465.3376205787781,""LubangJalan"""
"03-480-30-MH.mp4#t=8.733333.jpg,296.72025723472666,427.524115755627,346.10932475884243,473.8263665594855,""LubangJalan"""
"04-480-30-Original.mp4#t=9.4.jpg,265.08038585209,169.7749196141479,302.12218649517683,218.39228295819936,""LubangJalan"""
"04-480-30-Original.mp4#t=9.633333.jpg,260.4501607717042,223.7942122186495,295.1768488745981,273.18327974276525,""LubangJalan"""
"04-480-30-Original.mp4#t=9.633333.jpg,234.98392282958199,12.347266881028938,295.9485530546624,84.88745980707395,""LubangJalan"""
"04-480-30-Original.mp4#t=10.266667.jpg,211.8327974276527,179.8070739549839,273.5691318327974,258.52090032154337,""LubangJalan"""
"04-480-30-Original.mp4#t=10.266667.jpg,233.44051446945335,390.48231511254016,275.112540192926,438.3279742765273,""LubangJalan"""
"04-480-30-Original.mp4#t=8.766667.jpg,271.2540192926045,31.639871382636652,303.66559485530547,81.0289389067524,""LubangJalan"""
"04-480-30-Original.mp4#t=8.733333.jpg,270.48231511254016,16.20578778135048,303.6655948553054,64.82315112540192,""LubangJalan"""
"04-480-30-Original.mp4#t=8.833333.jpg,268.16720257234726,37.041800643086816,305.2090032154341,89.51768488745981,""LubangJalan"""
"04-480-30-Original.mp4#t=8.7.jpg,269.71061093247584,10.032154340836012,305.20900321543405,58.649517684887456,""LubangJalan"""
"04-480-30-Original.mp4#t=8.8.jpg,269.71061093247584,29.324758842443728,304.43729903536973,82.57234726688102,""LubangJalan"""
"04-480-30-Original.mp4#t=8.9.jpg,268.16720257234726,54.79099678456591,306.7524115755627,103.40836012861735,""LubangJalan"""
"04-480-30-Original.mp4#t=9.jpg,270.48231511254016,77.94212218649517,305.20900321543405,128.87459807073952,""LubangJalan"""
"04-480-30-Original.mp4#t=8.933333.jpg,272.0257234726688,64.82315112540192,305.98070739549837,111.12540192926045,""LubangJalan"""
"04-480-30-Original.mp4#t=8.866667.jpg,268.9389067524116,51.70418006430868,305.2090032154341,108.0385852090032,""LubangJalan"""
"04-480-30-Original.mp4#t=8.966667.jpg,269.71061093247584,75.62700964630224,305.98070739549837,131.96141479099677,""LubangJalan"""
"04-480-30-Original.mp4#t=9.033333.jpg,270.48231511254016,83.34405144694533,306.7524115755627,134.2765273311897,""LubangJalan"""
"04-480-30-Original.mp4#t=9.066667.jpg,270.48231511254016,101.86495176848874,305.20900321543405,152.79742765273312,""LubangJalan"""
"04-480-30-Original.mp4#t=9.133333.jpg,268.9389067524116,108.0385852090032,304.4372990353698,156.65594855305466,""LubangJalan"""
"04-480-30-Original.mp4#t=9.1.jpg,269.71061093247584,100.32154340836013,304.43729903536973,150.4823151125402,""LubangJalan"""
"04-480-30-Original.mp4#t=9.166667.jpg,267.39549839228295,123.47266881028938,304.43729903536973,172.0900321543408,""LubangJalan"""
"04-480-30-Original.mp4#t=9.233333.jpg,266.6237942122186,129.64630225080384,304.43729903536973,179.8070739549839,""LubangJalan"""
"04-480-30-Original.mp4#t=9.3.jpg,267.39549839228295,145.08038585209002,305.20900321543405,199.87138263665594,""LubangJalan"""
"04-480-30-Original.mp4#t=9.333333.jpg,265.8520900321543,155.88424437299034,302.8938906752411,203.72990353697747,""LubangJalan"""
"04-480-30-Original.mp4#t=9.2.jpg,268.16720257234726,124.2443729903537,305.2090032154341,173.63344051446944,""LubangJalan"""
"04-480-30-Original.mp4#t=9.266667.jpg,265.8520900321543,145.85209003215434,302.8938906752411,199.87138263665594,""LubangJalan"""
"04-480-30-Original.mp4#t=9.366667.jpg,265.8520900321543,169.0032154340836,299.8070739549839,221.47909967845658,""LubangJalan"""
"04-480-30-Original.mp4#t=9.433333.jpg,265.08038585209,177.49196141479098,299.8070739549839,226.88102893890672,""LubangJalan"""
"04-480-30-Original.mp4#t=9.466667.jpg,264.3086816720257,194.46945337620576,298.2636655948553,241.54340836012858,""LubangJalan"""
"04-480-30-Original.mp4#t=9.5.jpg,261.22186495176845,192.92604501607715,299.03536977491956,244.63022508038583,""LubangJalan"""
"04-480-30-Original.mp4#t=9.533333.jpg,261.99356913183277,199.09967845659162,300.5787781350482,252.34726688102893,""LubangJalan"""
"04-480-30-Original.mp4#t=9.566667.jpg,260.4501607717042,216.84887459807072,299.0353697749196,267.00964630225076,""LubangJalan"""
"04-480-30-Original.mp4#t=9.566667.jpg,234.21221864951767,5.40192926045016,297.491961414791,81.0289389067524,""LubangJalan"""
"04-480-30-Original.mp4#t=9.7.jpg,258.13504823151123,239.99999999999997,292.8617363344051,287.0739549839228,""LubangJalan"""
"04-480-30-Original.mp4#t=9.7.jpg,231.89710610932474,27.781350482315112,294.40514469453376,105.72347266881027,""LubangJalan"""
"04-480-30-Original.mp4#t=9.733333.jpg,255.8199356913183,249.26045016077168,294.40514469453376,294.7909967845659,""LubangJalan"""
"04-480-30-Original.mp4#t=9.733333.jpg,228.81028938906752,33.18327974276527,292.0900321543408,113.44051446945338,""LubangJalan"""
"04-480-30-Original.mp4#t=9.666667.jpg,258.13504823151123,243.85852090032154,295.176848874598,289.3890675241157,""LubangJalan"""
"04-480-30-Original.mp4#t=9.666667.jpg,233.44051446945335,27.781350482315112,293.63344051446944,104.95176848874598,""LubangJalan"""
"04-480-30-Original.mp4#t=9.6.jpg,261.99356913183277,216.0771704180064,295.94855305466234,263.92282958199354,""LubangJalan"""
"04-480-30-Original.mp4#t=9.6.jpg,238.0707395498392,6.173633440514469,295.94855305466234,77.17041800643086,""LubangJalan"""
"04-480-30-Original.mp4#t=9.766667.jpg,225.72347266881027,51.70418006430868,289.0032154340836,128.10289389067523,""LubangJalan"""
"04-480-30-Original.mp4#t=9.766667.jpg,254.2765273311897,262.37942122186496,291.3183279742765,312.54019292604505,""LubangJalan"""
"04-480-30-Original.mp4#t=9.833333.jpg,253.50482315112538,272.41157556270093,290.5466237942122,322.572347266881,""LubangJalan"""
"04-480-30-Original.mp4#t=9.833333.jpg,229.5819935691318,61.73633440514469,289.0032154340836,131.18971061093248,""LubangJalan"""
"04-480-30-Original.mp4#t=9.9.jpg,251.18971061093245,289.3890675241157,289.0032154340836,336.46302250803853,""LubangJalan"""
"04-480-30-Original.mp4#t=9.9.jpg,229.5819935691318,79.48553054662379,287.45980707395495,150.4823151125402,""LubangJalan"""
"04-480-30-Original.mp4#t=9.8.jpg,255.04823151125402,264.69453376205786,292.09003215434086,312.540192926045,""LubangJalan"""
"04-480-30-Original.mp4#t=9.866667.jpg,230.35369774919613,77.17041800643086,287.45980707395495,150.48231511254016,""LubangJalan"""
"04-480-30-Original.mp4#t=9.866667.jpg,250.41800643086816,286.3022508038585,289.0032154340836,334.91961414790995,""LubangJalan"""
"04-480-30-Original.mp4#t=9.933333.jpg,249.64630225080384,293.24758842443725,287.45980707395495,343.40836012861735,""LubangJalan"""
"04-480-30-Original.mp4#t=9.933333.jpg,226.4951768488746,81.80064308681672,285.91639871382637,161.2861736334405,""LubangJalan"""
"04-480-30-Original.mp4#t=10.jpg,243.47266881028938,310.99678456591636,286.6881028938907,362.70096463022503,""LubangJalan"""
"04-480-30-Original.mp4#t=10.jpg,221.86495176848874,104.18006430868166,284.37299035369773,181.35048231511252,""LubangJalan"""
"04-480-30-Original.mp4#t=9.966667.jpg,245.7877813504823,313.3118971061093,284.37299035369773,362.7009646302251,""LubangJalan"""
"04-480-30-Original.mp4#t=9.966667.jpg,221.09324758842442,101.86495176848874,285.14469453376205,182.12218649517683,""LubangJalan"""
"04-480-30-Original.mp4#t=10.033333.jpg,220.32154340836013,111.12540192926045,279.7427652733119,193.69774919614147,""LubangJalan"""
"04-480-30-Original.mp4#t=10.033333.jpg,246.5594855305466,320.25723472668807,285.9163987138263,368.8745980707395,""LubangJalan"""
"04-480-30-Original.mp4#t=10.066667.jpg,219.5498392282958,127.33118971061093,281.2861736334405,206.0450160771704,""LubangJalan"""
"04-480-30-Original.mp4#t=10.066667.jpg,244.24437299035367,338.7781350482315,279.7427652733119,388.16720257234726,""LubangJalan"""
"04-480-30-Original.mp4#t=10.1.jpg,221.09324758842442,128.87459807073955,278.97106109324756,207.588424437299,""LubangJalan"""
"04-480-30-Original.mp4#t=10.1.jpg,243.47266881028938,338.7781350482315,282.8295819935691,385.8520900321543,""LubangJalan"""
"04-480-30-Original.mp4#t=10.133333.jpg,241.15755627009645,345.72347266881025,280.5144694533762,397.4276527331189,""LubangJalan"""
"04-480-30-Original.mp4#t=10.133333.jpg,220.32154340836013,135.8199356913183,276.65594855305466,219.16398713826362,""LubangJalan"""
"04-480-30-Original.mp4#t=10.233333.jpg,237.2990353697749,371.1897106109325,275.88424437299034,419.80707395498393,""LubangJalan"""
"04-480-30-Original.mp4#t=10.233333.jpg,213.37620578778134,163.60128617363344,275.112540192926,238.45659163987136,""LubangJalan"""
"04-480-30-Original.mp4#t=10.166667.jpg,216.46302250803856,155.11254019292605,275.88424437299034,230.7395498392283,""LubangJalan"""
"04-480-30-Original.mp4#t=10.166667.jpg,238.84244372990352,365.7877813504823,277.427652733119,409.7749196141479,""LubangJalan"""
"04-480-30-Original.mp4#t=10.2.jpg,240.38585209003213,365.016077170418,278.19935691318324,412.0900321543408,""LubangJalan"""
"04-480-30-Original.mp4#t=10.2.jpg,214.14790996784564,154.34083601286173,275.88424437299034,228.42443729903536,""LubangJalan"""
"04-480-30-Original.mp4#t=10.3.jpg,211.8327974276527,180.57877813504822,273.5691318327974,258.5209003215434,""LubangJalan"""
"04-480-30-Original.mp4#t=10.3.jpg,234.98392282958199,391.2540192926045,273.56913183279744,436.0128617363344,""LubangJalan"""
"04-480-30-Original.mp4#t=10.333333.jpg,210.2893890675241,188.2958199356913,270.48231511254016,263.1511254019292,""LubangJalan"""
"04-480-30-Original.mp4#t=10.333333.jpg,231.89710610932474,396.65594855305466,272.7974276527331,446.8167202572347,""LubangJalan"""
"04-480-30-Original.mp4#t=10.4.jpg,231.89710610932474,415.94855305466234,270.48231511254016,465.3376205787781,""LubangJalan"""
"04-480-30-Original.mp4#t=10.4.jpg,204.88745980707395,206.0450160771704,267.39549839228295,283.2154340836013,""LubangJalan"""
"04-480-30-Original.mp4#t=10.366667.jpg,231.12540192926045,415.94855305466234,270.48231511254016,463.7942122186495,""LubangJalan"""
"04-480-30-Original.mp4#t=10.366667.jpg,207.97427652733117,208.36012861736333,268.9389067524115,283.98713826366554,""LubangJalan"""
"04-480-30-Original.mp4#t=10.433333.jpg,230.35369774919613,426.7524115755627,268.9389067524116,471.5112540192926,""LubangJalan"""
"04-480-30-Original.mp4#t=10.433333.jpg,207.20257234726688,216.84887459807072,266.6237942122186,291.7041800643087,""LubangJalan"""
"04-480-30-Original.mp4#t=10.5.jpg,204.11575562700963,236.14147909967843,264.3086816720257,307.90996784565914,""LubangJalan"""
"04-480-30-Original.mp4#t=10.466667.jpg,207.97427652733117,236.91318327974275,262.7652733118971,310.22508038585204,""LubangJalan"""
"04-480-30-Original.mp4#t=10.6.jpg,196.39871382636656,260.064308681672,260.4501607717042,334.91961414790995,""LubangJalan"""
"04-480-30-Original.mp4#t=10.533333.jpg,203.34405144694531,244.63022508038583,263.5369774919614,317.9421221864951,""LubangJalan"""
"04-480-30-Original.mp4#t=10.566667.jpg,197.94212218649517,262.37942122186496,259.6784565916399,335.6913183279743,""LubangJalan"""
"04-480-30-Original.mp4#t=10.633333.jpg,197.94212218649517,269.3247588424437,261.22186495176845,344.951768488746,""LubangJalan"""
"04-480-30-Original.mp4#t=10.666667.jpg,197.17041800643085,284.75884244372986,258.13504823151123,363.47266881028935,""LubangJalan"""
"04-480-30-Original.mp4#t=10.766667.jpg,191.7684887459807,316.39871382636653,252.7331189710611,388.16720257234726,""LubangJalan"""
"04-480-30-Original.mp4#t=10.733333.jpg,194.08360128617363,297.10610932475885,256.59163987138265,370.41800643086816,""LubangJalan"""
"04-480-30-Original.mp4#t=10.7.jpg,195.62700964630224,287.84565916398714,254.2765273311897,356.5273311897106,""LubangJalan"""
"04-480-30-Original.mp4#t=10.833333.jpg,184.82315112540192,324.8874598070739,250.41800643086816,399.7427652733119,""LubangJalan"""
"04-480-30-Original.mp4#t=10.8.jpg,189.45337620578778,315.6270096463022,253.50482315112538,388.1672025723472,""LubangJalan"""
"04-480-30-Original.mp4#t=10.866667.jpg,184.82315112540192,344.18006430868166,248.10289389067523,413.63344051446944,""LubangJalan"""
"04-480-30-Original.mp4#t=10.933333.jpg,184.82315112540192,352.66881028938906,246.55948553054662,427.524115755627,""LubangJalan"""
"04-480-30-Original.mp4#t=10.9.jpg,184.82315112540192,342.636655948553,248.10289389067523,414.40514469453376,""LubangJalan"""
"04-480-30-Original.mp4#t=11.1.jpg,173.24758842443728,397.4276527331189,241.15755627009645,469.19614147909965,""LubangJalan"""
"04-480-30-Original.mp4#t=10.966667.jpg,179.42122186495175,371.1897106109325,244.24437299035367,445.2733118971061,""LubangJalan"""
"04-480-30-Original.mp4#t=11.066667.jpg,174.7909967845659,397.4276527331189,240.38585209003213,465.33762057877806,""LubangJalan"""
"04-480-30-Original.mp4#t=11.jpg,183.2797427652733,371.1897106109325,242.7009646302251,442.1864951768489,""LubangJalan"""
"04-480-30-Original.mp4#t=11.033333.jpg,176.33440514469453,379.6784565916399,241.92926045016077,450.6752411575563,""LubangJalan"""
"04-480-30-Original.mp4#t=11.133333.jpg,174.0192926045016,406.68810289389063,239.61414790996784,473.82636655948545,""LubangJalan"""
"05-480-30-MV.mp4#t=6.566667.jpg,102.2508038585209,430.6109324758842,133.89067524115754,462.2508038585209,""LubangJalan"""
"05-480-30-MV.mp4#t=6.7.jpg,94.53376205787781,398.97106109324756,131.5755627009646,432.9260450160771,""LubangJalan"""
"05-480-30-MV.mp4#t=7.233333.jpg,67.52411575562701,222.2508038585209,103.7942122186495,261.60771704180064,""LubangJalan"""
"05-480-30-MV.mp4#t=7.133333.jpg,72.15434083601286,253.89067524115754,110.73954983922829,294.7909967845659,""LubangJalan"""
"05-480-30-MV.mp4#t=6.633333.jpg,99.93569131832797,422.89389067524115,130.80385852090032,452.21864951768487,""LubangJalan"""
"05-480-30-MV.mp4#t=6.666667.jpg,96.07717041800642,398.19935691318324,130.032154340836,432.1543408360128,""LubangJalan"""
"05-480-30-MV.mp4#t=6.6.jpg,101.47909967845659,430.6109324758842,134.66237942122186,463.0225080385852,""LubangJalan"""
"05-480-30-MV.mp4#t=6.766667.jpg,89.13183279742765,362.70096463022503,128.4887459807074,399.7427652733119,""LubangJalan"""
"05-480-30-MV.mp4#t=6.733333.jpg,92.99035369774919,385.8520900321543,130.8038585209003,422.12218649517683,""LubangJalan"""
"05-480-30-MV.mp4#t=6.833333.jpg,88.36012861736334,353.4405144694534,123.85852090032154,389.7106109324759,""LubangJalan"""
"05-480-30-MV.mp4#t=6.9.jpg,86.81672025723472,331.0610932475884,123.85852090032154,368.1028938906752,""LubangJalan"""
"05-480-30-MV.mp4#t=6.8.jpg,93.7620578778135,365.7877813504823,126.17363344051446,400.5144694533762,""LubangJalan"""
"05-480-30-MV.mp4#t=6.933333.jpg,84.5016077170418,320.25723472668807,120,356.5273311897106,""LubangJalan"""
"05-480-30-MV.mp4#t=6.866667.jpg,85.2733118971061,329.5176848874598,123.08681672025722,368.8745980707395,""LubangJalan"""
"05-480-30-MV.mp4#t=6.966667.jpg,79.87138263665594,299.42122186495175,118.45659163987136,334.91961414790995,""LubangJalan"""
"05-480-30-MV.mp4#t=7.jpg,79.87138263665594,298.6495176848874,116.91318327974275,336.46302250803853,""LubangJalan"""
"05-480-30-MV.mp4#t=7.066667.jpg,76.0128617363344,267.7813504823151,113.05466237942122,304.0514469453376,""LubangJalan"""
"05-480-30-MV.mp4#t=7.033333.jpg,78.32797427652733,287.84565916398714,115.36977491961414,327.2025723472669,""LubangJalan"""
"05-480-30-MV.mp4#t=7.1.jpg,73.69774919614147,264.69453376205786,115.36977491961414,305.59485530546624,""LubangJalan"""
"05-480-30-MV.mp4#t=7.333333.jpg,59.03536977491961,191.38263665594855,96.84887459807072,229.19614147909965,""LubangJalan"""
"05-480-30-MV.mp4#t=7.2.jpg,69.06752411575562,234.59807073954983,106.88102893890674,273.18327974276525,""LubangJalan"""
"05-480-30-MV.mp4#t=7.166667.jpg,67.52411575562701,234.59807073954983,106.88102893890675,273.18327974276525,""LubangJalan"""
"05-480-30-MV.mp4#t=7.3.jpg,62.89389067524115,199.87138263665594,99.93569131832797,236.91318327974275,""LubangJalan"""
"05-480-30-MV.mp4#t=7.266667.jpg,62.89389067524115,200.64308681672026,98.39228295819936,238.45659163987136,""LubangJalan"""
"05-480-30-MV.mp4#t=7.366667.jpg,55.176848874598065,165.91639871382637,93.7620578778135,205.2733118971061,""LubangJalan"""
"05-480-30-MV.mp4#t=7.433333.jpg,52.861736334405144,155.11254019292605,92.21864951768488,194.4694533762058,""LubangJalan"""
"05-480-30-MV.mp4#t=7.4.jpg,55.948553054662376,165.91639871382637,95.30546623794211,207.58842443729904,""LubangJalan"""
"05-480-30-MV.mp4#t=7.466667.jpg,49.774919614147905,134.2765273311897,89.13183279742765,172.0900321543408,""LubangJalan"""
"05-480-30-MV.mp4#t=7.5.jpg,50.546623794212216,131.96141479099677,89.13183279742765,173.63344051446944,""LubangJalan"""
"05-480-30-MV.mp4#t=7.566667.jpg,43.60128617363344,99.54983922829581,82.95819935691318,139.67845659163987,""LubangJalan"""
"05-480-30-MV.mp4#t=7.533333.jpg,48.23151125401929,122.70096463022507,84.5016077170418,160.5144694533762,""LubangJalan"""
"05-480-30-MV.mp4#t=7.666667.jpg,36.65594855305466,67.13826366559485,75.24115755627008,107.2668810289389,""LubangJalan"""
"05-480-30-MV.mp4#t=7.633333.jpg,41.28617363344051,88.74598070739549,78.32797427652733,126.55948553054661,""LubangJalan"""
"05-480-30-MV.mp4#t=7.6.jpg,44.372990353697745,100.32154340836013,80.64308681672026,140.4501607717042,""LubangJalan"""
"05-480-30-MV.mp4#t=7.733333.jpg,33.569131832797424,57.877813504823145,72.15434083601286,94.14790996784565,""LubangJalan"""
"05-480-30-MV.mp4#t=7.8.jpg,32.02572347266881,34.72668810289389,70.61093247588424,72.54019292604501,""LubangJalan"""
"05-480-30-MV.mp4#t=7.7.jpg,36.65594855305466,70.9967845659164,72.15434083601286,106.49517684887459,""LubangJalan"""
"05-480-30-MV.mp4#t=7.833333.jpg,28.167202572347264,22.379421221864952,65.20900321543408,60.964630225080384,""LubangJalan"""
"05-480-30-MV.mp4#t=7.766667.jpg,29.710610932475884,32.41157556270096,68.29581993569131,73.31189710610931,""LubangJalan"""
"06-480-30-Original.mp4#t=3.333333.jpg,84.5016077170418,363.47266881028935,143.92282958199357,423.6655948553054,""LubangJalan"""
"06-480-30-Original.mp4#t=2.9.jpg,77.55627009646302,417.491961414791,132.34726688102893,480,""LubangJalan"""
"06-480-30-Original.mp4#t=3.166667.jpg,83.72990353697749,378.90675241157555,140.83601286173632,448.36012861736333,""LubangJalan"""
"05-480-30-MV.mp4#t=7.866667.jpg,24.30868167202572,4.630225080385852,62.89389067524115,37.041800643086816,""LubangJalan"""
"05-480-30-MV.mp4#t=7.9.jpg,26.623794212218648,3.0868167202572345,61.35048231511254,34.72668810289389,""LubangJalan"""
"06-480-30-Original.mp4#t=2.933333.jpg,77.55627009646302,414.40514469453376,133.89067524115757,476.14147909967846,""LubangJalan"""
"06-480-30-Original.mp4#t=2.966667.jpg,78.32797427652733,405.91639871382637,135.43408360128618,464.56591639871385,""LubangJalan"""
"06-480-30-Original.mp4#t=3.066667.jpg,81.41479099678456,395.88424437299034,139.2926045016077,454.53376205787777,""LubangJalan"""
"06-480-30-Original.mp4#t=3.033333.jpg,82.18649517684887,401.2861736334405,137.7491961414791,461.4790996784566,""LubangJalan"""
"06-480-30-Original.mp4#t=3.jpg,82.18649517684887,409.7749196141479,134.66237942122186,465.3376205787781,""LubangJalan"""
"06-480-30-Original.mp4#t=3.266667.jpg,86.81672025723472,366.5594855305466,141.60771704180064,425.98070739549837,""LubangJalan"""
"06-480-30-Original.mp4#t=3.1.jpg,79.87138263665594,392.0257234726688,141.60771704180064,458.39228295819936,""LubangJalan"""
"06-480-30-Original.mp4#t=3.133333.jpg,79.87138263665594,386.6237942122186,138.5209003215434,452.9903536977492,""LubangJalan"""
"06-480-30-Original.mp4#t=3.2.jpg,82.95819935691318,379.6784565916399,140.83601286173632,438.32797427652736,""LubangJalan"""
"06-480-30-Original.mp4#t=3.233333.jpg,85.2733118971061,373.5048231511254,140.064308681672,434.46945337620576,""LubangJalan"""
"06-480-30-Original.mp4#t=3.3.jpg,87.58842443729903,368.8745980707395,141.60771704180064,421.3504823151125,""LubangJalan"""
"06-480-30-Original.mp4#t=3.4.jpg,85.2733118971061,352.66881028938906,140.83601286173632,408.23151125401927,""LubangJalan"""
"06-480-30-Original.mp4#t=3.466667.jpg,85.2733118971061,341.8649517684887,141.60771704180064,398.19935691318324,""LubangJalan"""
"06-480-30-Original.mp4#t=3.433333.jpg,88.36012861736334,350.3536977491961,142.37942122186496,404.3729903536977,""LubangJalan"""
"06-480-30-Original.mp4#t=3.366667.jpg,87.58842443729903,351.89710610932474,143.92282958199354,406.68810289389063,""LubangJalan"""
"06-480-30-Original.mp4#t=3.566667.jpg,88.36012861736334,326.43086816720256,146.2379421221865,384.3086816720257,""LubangJalan"""
"06-480-30-Original.mp4#t=3.533333.jpg,86.04501607717042,335.6913183279743,143.15112540192925,392.7974276527331,""LubangJalan"""
"06-480-30-Original.mp4#t=3.633333.jpg,89.90353697749195,322.572347266881,146.2379421221865,378.90675241157555,""LubangJalan"""
"06-480-30-Original.mp4#t=3.6.jpg,89.13183279742765,327.97427652733114,144.69453376205786,383.53697749196135,""LubangJalan"""
"06-480-30-Original.mp4#t=4.766667.jpg,112.28295819935691,137.36334405144694,167.84565916398714,192.92604501607718,""LubangJalan"""
"06-480-30-Original.mp4#t=3.666667.jpg,88.36012861736334,312.540192926045,145.46623794212218,369.64630225080384,""LubangJalan"""
"06-480-30-Original.mp4#t=3.7.jpg,87.58842443729903,312.540192926045,145.46623794212218,370.41800643086816,""LubangJalan"""
"06-480-30-Original.mp4#t=3.766667.jpg,89.90353697749195,294.7909967845659,149.3247588424437,354.21221864951764,""LubangJalan"""
"06-480-30-Original.mp4#t=3.8.jpg,93.7620578778135,297.10610932475885,147.00964630225081,350.35369774919616,""LubangJalan"""
"06-480-30-Original.mp4#t=3.733333.jpg,91.44694533762058,307.90996784565914,145.46623794212218,361.92926045016077,""LubangJalan"""
"06-480-30-Original.mp4#t=3.933333.jpg,92.99035369774919,277.0418006430868,150.86816720257232,334.91961414790995,""LubangJalan"""
"06-480-30-Original.mp4#t=3.966667.jpg,94.53376205787781,266.2379421221865,152.41157556270096,324.11575562700966,""LubangJalan"""
"06-480-30-Original.mp4#t=3.866667.jpg,95.30546623794211,282.44372990353696,149.3247588424437,336.46302250803853,""LubangJalan"""
"06-480-30-Original.mp4#t=3.9.jpg,89.90353697749195,282.44372990353696,148.5530546623794,341.09324758842445,""LubangJalan"""
"06-480-30-Original.mp4#t=3.833333.jpg,96.07717041800642,291.7041800643087,147.7813504823151,343.40836012861735,""LubangJalan"""
"06-480-30-Original.mp4#t=4.jpg,92.21864951768488,264.69453376205786,152.41157556270096,324.8874598070739,""LubangJalan"""
"06-480-30-Original.mp4#t=4.033333.jpg,96.84887459807074,264.69453376205786,151.63987138263664,319.48553054662375,""LubangJalan"""
"06-480-30-Original.mp4#t=4.133333.jpg,96.84887459807074,248.4887459807074,150.86816720257235,302.50803858520896,""LubangJalan"""
"06-480-30-Original.mp4#t=4.066667.jpg,95.30546623794211,250.8038585209003,155.49839228295818,310.99678456591636,""LubangJalan"""
"06-480-30-Original.mp4#t=4.166667.jpg,97.62057877813504,236.14147909967843,153.18327974276525,291.7041800643087,""LubangJalan"""
"06-480-30-Original.mp4#t=4.2.jpg,97.62057877813504,237.68488745980707,153.18327974276525,293.2475884244373,""LubangJalan"""
"06-480-30-Original.mp4#t=4.233333.jpg,96.84887459807074,231.51125401929258,155.4983922829582,290.16077170418004,""LubangJalan"""
"06-480-30-Original.mp4#t=4.3.jpg,101.47909967845659,219.93569131832797,157.04180064308682,275.4983922829582,""LubangJalan"""
"06-480-30-Original.mp4#t=4.266667.jpg,99.16398713826366,218.39228295819933,157.8135048231511,277.0418006430868,""LubangJalan"""
"06-480-30-Original.mp4#t=4.333333.jpg,101.47909967845659,212.99035369774919,158.58520900321543,270.09646302250803,""LubangJalan"""
"06-480-30-Original.mp4#t=4.433333.jpg,101.47909967845659,196.7845659163987,160.12861736334406,255.43408360128615,""LubangJalan"""
"06-480-30-Original.mp4#t=4.366667.jpg,105.33762057877813,202.95819935691318,160.90032154340835,258.5209003215434,""LubangJalan"""
"06-480-30-Original.mp4#t=4.733333.jpg,111.5112540192926,149.71061093247587,165.53054662379418,203.72990353697747,""LubangJalan"""
"06-480-30-Original.mp4#t=4.666667.jpg,111.5112540192926,155.88424437299034,164.7588424437299,209.13183279742765,""LubangJalan"""
"06-480-30-Original.mp4#t=4.4.jpg,103.0225080385852,202.18649517684887,159.35691318327974,258.5209003215434,""LubangJalan"""
"06-480-30-Original.mp4#t=4.7.jpg,111.5112540192926,155.88424437299034,165.53054662379418,209.90353697749194,""LubangJalan"""
"06-480-30-Original.mp4#t=4.833333.jpg,113.05466237942122,135.04823151125402,167.84565916398714,189.83922829581994,""LubangJalan"""
"06-480-30-Original.mp4#t=5.133333.jpg,119.99999999999999,81.0289389067524,178.64951768488743,139.67845659163987,""LubangJalan"""
"06-480-30-Original.mp4#t=4.8.jpg,111.5112540192926,134.2765273311897,169.38906752411575,192.15434083601284,""LubangJalan"""
"06-480-30-Original.mp4#t=5.566667.jpg,136.20578778135047,0,190.99678456591639,54.79099678456591,""LubangJalan"""
"06-480-30-Original.mp4#t=4.933333.jpg,114.59807073954983,114.98392282958199,170.93247588424435,171.3183279742765,""LubangJalan"""
"06-480-30-Original.mp4#t=4.966667.jpg,118.45659163987138,104.95176848874597,172.475884244373,158.97106109324756,""LubangJalan"""
"06-480-30-Original.mp4#t=4.9.jpg,114.59807073954983,121.92926045016077,171.70418006430867,179.03536977491962,""LubangJalan"""
"06-480-30-Original.mp4#t=5.jpg,119.99999999999999,104.95176848874597,173.24758842443728,158.19935691318327,""LubangJalan"""
"06-480-30-Original.mp4#t=4.866667.jpg,117.68488745980707,120.38585209003215,170.93247588424435,173.63344051446944,""LubangJalan"""
"06-480-30-Original.mp4#t=5.066667.jpg,114.59807073954983,87.20257234726688,177.10610932475882,149.71061093247587,""LubangJalan"""
"06-480-30-Original.mp4#t=5.166667.jpg,119.22829581993568,70.9967845659164,180.19292604501607,131.9614147909968,""LubangJalan"""
"06-480-30-Original.mp4#t=5.1.jpg,117.68488745980707,86.43086816720256,176.33440514469453,145.08038585209002,""LubangJalan"""
"06-480-30-Original.mp4#t=5.2.jpg,126.94533762057877,70.22508038585208,178.64951768488746,121.92926045016077,""LubangJalan"""
"06-480-30-Original.mp4#t=5.033333.jpg,119.22829581993568,99.54983922829581,174.7909967845659,155.11254019292602,""LubangJalan"""
"06-480-30-Original.mp4#t=5.233333.jpg,125.40192926045015,65.59485530546624,178.64951768488743,118.84244372990354,""LubangJalan"""
"06-480-30-Original.mp4#t=5.333333.jpg,123.85852090032154,47.073954983922825,182.508038585209,105.72347266881027,""LubangJalan"""
"06-480-30-Original.mp4#t=5.266667.jpg,123.85852090032154,54.79099678456591,180.96463022508038,111.89710610932475,""LubangJalan"""
"06-480-30-Original.mp4#t=5.3.jpg,122.31511254019291,52.475884244372985,183.27974276527328,113.44051446945338,""LubangJalan"""
"06-480-30-Original.mp4#t=5.366667.jpg,130.032154340836,33.95498392282958,186.36655948553053,90.2893890675241,""LubangJalan"""
"06-480-30-Original.mp4#t=5.4.jpg,131.5755627009646,37.041800643086816,184.82315112540192,90.28938906752411,""LubangJalan"""
"06-480-30-Original.mp4#t=5.433333.jpg,130.80385852090032,32.41157556270096,184.0514469453376,85.65916398713826,""LubangJalan"""
"06-480-30-Original.mp4#t=5.6.jpg,135.43408360128618,0,190.2250803858521,54.79099678456591,""LubangJalan"""
"06-480-30-Original.mp4#t=5.466667.jpg,130.80385852090032,20.064308681672024,187.90996784565917,77.17041800643086,""LubangJalan"""
"06-480-30-Original.mp4#t=5.5.jpg,133.89067524115754,19.292604501607716,187.90996784565914,73.31189710610931,""LubangJalan"""
"07-480-30-Original.mp4#t=8.566667.jpg,155.49839228295818,189.83922829581994,245.016077170418,279.35691318327974,""LubangJalan"""
"07-480-30-Original.mp4#t=9.433333.jpg,136.97749196141478,327.97427652733114,231.12540192926042,422.1221864951768,""LubangJalan"""
"06-480-30-Original.mp4#t=5.533333.jpg,134.66237942122186,12.347266881028938,189.45337620578778,67.13826366559485,""LubangJalan"""
"07-480-30-Original.mp4#t=6.033333.jpg,163.21543408360128,36.270096463022504,255.04823151125402,128.10289389067523,""LubangJalan"""
"07-480-30-Original.mp4#t=6.833333.jpg,160.90032154340835,27.0096463022508,255.81993569131834,121.92926045016077,""LubangJalan"""
"07-480-30-Original.mp4#t=9.733333.jpg,121.54340836012861,377.3633440514469,216.4630225080386,472.28295819935687,""LubangJalan"""
"07-480-30-Original.mp4#t=9.666667.jpg,128.4887459807074,371.96141479099674,218.0064308681672,461.4790996784566,""LubangJalan"""
"07-480-30-Original.mp4#t=9.766667.jpg,124.63022508038584,392.7974276527331,211.06109324758842,479.2282958199357,""LubangJalan"""
"07-480-30-Original.mp4#t=9.7.jpg,130.032154340836,374.2765273311897,218.00643086816717,462.2508038585209,""LubangJalan"""
"07-480-30-Original.mp4#t=8.jpg,157.04180064308682,93.37620578778134,247.33118971061094,183.66559485530547,""LubangJalan"""
"07-480-30-Original.mp4#t=9.533333.jpg,140.064308681672,348.8102893890675,227.26688102893888,436.0128617363344,""LubangJalan"""
"07-480-30-Original.mp4#t=9.633333.jpg,130.80385852090032,360.38585209003213,220.32154340836013,449.90353697749197,""LubangJalan"""
"07-480-30-Original.mp4#t=9.6.jpg,136.20578778135047,358.07073954983923,224.18006430868166,446.04501607717043,""LubangJalan"""
"07-480-30-Original.mp4#t=9.566667.jpg,133.89067524115754,357.2990353697749,223.40836012861735,446.8167202572347,""LubangJalan"""
"07-480-30-Original.mp4#t=9.5.jpg,139.2926045016077,344.951768488746,226.4951768488746,432.15434083601286,""LubangJalan"""
"07-480-30-Original.mp4#t=9.466667.jpg,135.43408360128618,343.40836012861735,228.0385852090032,436.0128617363344,""LubangJalan"""
"07-480-30-Original.mp4#t=9.3.jpg,145.46623794212218,307.1382636655948,235.75562700964628,397.4276527331189,""LubangJalan"""
"07-480-30-Original.mp4#t=9.4.jpg,147.0096463022508,326.43086816720256,230.3536977491961,409.7749196141479,""LubangJalan"""
"07-480-30-Original.mp4#t=9.366667.jpg,142.37942122186493,327.2025723472669,230.3536977491961,415.1768488745981,""LubangJalan"""
"07-480-30-Original.mp4#t=9.333333.jpg,145.46623794212218,317.17041800643085,232.66881028938906,404.37299035369773,""LubangJalan"""
"07-480-30-Original.mp4#t=9.266667.jpg,132.34726688102893,307.90996784565914,234.98392282958196,410.54662379421217,""LubangJalan"""
"07-480-30-Original.mp4#t=9.166667.jpg,146.2379421221865,290.93247588424435,238.07073954983923,382.7652733118971,""LubangJalan"""
"07-480-30-Original.mp4#t=9.233333.jpg,141.60771704180064,294.7909967845659,235.75562700964628,388.9389067524115,""LubangJalan"""
"07-480-30-Original.mp4#t=9.1.jpg,149.3247588424437,276.27009646302247,238.84244372990352,365.7877813504823,""LubangJalan"""
"07-480-30-Original.mp4#t=9.2.jpg,149.3247588424437,290.16077170418004,238.84244372990352,379.6784565916398,""LubangJalan"""
"07-480-30-Original.mp4#t=8.9.jpg,150.09646302250803,239.22829581993568,243.47266881028938,332.604501607717,""LubangJalan"""
"07-480-30-Original.mp4#t=9.066667.jpg,153.95498392282957,276.27009646302247,242.70096463022506,365.01607717041793,""LubangJalan"""
"07-480-30-Original.mp4#t=8.933333.jpg,155.49839228295818,248.4887459807074,245.016077170418,338.0064308681672,""LubangJalan"""
"07-480-30-Original.mp4#t=8.966667.jpg,148.55305466237942,259.2926045016077,240.38585209003213,351.1254019292604,""LubangJalan"""
"07-480-30-Original.mp4#t=9.033333.jpg,150.09646302250803,263.1511254019292,241.15755627009645,354.21221864951764,""LubangJalan"""
"07-480-30-Original.mp4#t=8.8.jpg,150.86816720257235,222.2508038585209,244.2443729903537,315.6270096463022,""LubangJalan"""
"07-480-30-Original.mp4#t=8.866667.jpg,146.2379421221865,237.68488745980707,244.2443729903537,335.6913183279743,""LubangJalan"""
"07-480-30-Original.mp4#t=8.733333.jpg,151.63987138263664,211.44694533762058,242.70096463022506,302.50803858520896,""LubangJalan"""
"07-480-30-Original.mp4#t=8.766667.jpg,146.2379421221865,223.0225080385852,243.47266881028938,320.25723472668807,""LubangJalan"""
"07-480-30-Original.mp4#t=8.833333.jpg,150.09646302250803,231.51125401929258,245.016077170418,326.43086816720256,""LubangJalan"""
"07-480-30-Original.mp4#t=8.6.jpg,152.41157556270096,189.06752411575562,244.24437299035367,280.9003215434083,""LubangJalan"""
"07-480-30-Original.mp4#t=8.633333.jpg,153.95498392282957,192.92604501607715,245.7877813504823,284.75884244372986,""LubangJalan"""
"07-480-30-Original.mp4#t=8.533333.jpg,154.7266881028939,179.03536977491962,245.016077170418,269.3247588424437,""LubangJalan"""
"07-480-30-Original.mp4#t=8.5.jpg,155.49839228295818,171.3183279742765,246.5594855305466,262.37942122186496,""LubangJalan"""
"07-480-30-Original.mp4#t=8.666667.jpg,150.09646302250803,207.588424437299,243.47266881028938,300.9646302250803,""LubangJalan"""
"07-480-30-Original.mp4#t=8.466667.jpg,154.7266881028939,171.3183279742765,247.33118971061094,263.92282958199354,""LubangJalan"""
"07-480-30-Original.mp4#t=8.333333.jpg,156.2700964630225,146.62379421221863,245.7877813504823,236.14147909967843,""LubangJalan"""
"07-480-30-Original.mp4#t=8.366667.jpg,157.8135048231511,153.5691318327974,249.64630225080384,245.40192926045012,""LubangJalan"""
"07-480-30-Original.mp4#t=8.3.jpg,158.58520900321543,138.13504823151123,245.016077170418,224.5659163987138,""LubangJalan"""
"07-480-30-Original.mp4#t=8.266667.jpg,157.8135048231511,135.8199356913183,245.016077170418,223.0225080385852,""LubangJalan"""
"07-480-30-Original.mp4#t=8.1.jpg,160.12861736334403,104.95176848874597,249.64630225080384,194.46945337620576,""LubangJalan"""
"07-480-30-Original.mp4#t=8.166667.jpg,150.09646302250803,122.70096463022507,245.016077170418,217.62057877813504,""LubangJalan"""
"07-480-30-Original.mp4#t=8.066667.jpg,160.12861736334403,105.72347266881029,248.1028938906752,193.69774919614147,""LubangJalan"""
"07-480-30-Original.mp4#t=8.133333.jpg,158.58520900321543,113.44051446945336,245.7877813504823,200.64308681672026,""LubangJalan"""
"07-480-30-Original.mp4#t=8.233333.jpg,157.8135048231511,124.2443729903537,245.7877813504823,212.21864951768487,""LubangJalan"""
"07-480-30-Original.mp4#t=7.933333.jpg,158.58520900321543,81.80064308681672,250.41800643086816,173.63344051446944,""LubangJalan"""
"07-480-30-Original.mp4#t=7.966667.jpg,157.04180064308682,91.06109324758842,247.33118971061094,181.35048231511252,""LubangJalan"""
"07-480-30-Original.mp4#t=7.9.jpg,157.04180064308682,81.0289389067524,247.33118971061094,171.3183279742765,""LubangJalan"""
"07-480-30-Original.mp4#t=8.033333.jpg,157.8135048231511,101.09324758842443,247.33118971061091,190.61093247588423,""LubangJalan"""
"07-480-30-Original.mp4#t=7.866667.jpg,153.95498392282957,80.2572347266881,248.1028938906752,174.40514469453376,""LubangJalan"""
"07-480-30-Original.mp4#t=7.733333.jpg,153.95498392282957,61.73633440514469,248.87459807073952,156.65594855305466,""LubangJalan"""
"07-480-30-Original.mp4#t=7.766667.jpg,150.86816720257235,65.59485530546624,247.33118971061094,162.05787781350483,""LubangJalan"""
"07-480-30-Original.mp4#t=7.8.jpg,154.7266881028939,69.45337620578778,251.18971061093248,165.91639871382637,""LubangJalan"""
"07-480-30-Original.mp4#t=7.833333.jpg,153.95498392282957,71.7684887459807,249.64630225080384,167.45980707395498,""LubangJalan"""
"07-480-30-Original.mp4#t=7.7.jpg,150.86816720257235,58.649517684887456,250.41800643086816,158.19935691318327,""LubangJalan"""
"07-480-30-Original.mp4#t=7.566667.jpg,157.04180064308682,50.93247588424437,250.41800643086816,144.30868167202573,""LubangJalan"""
"07-480-30-Original.mp4#t=7.633333.jpg,157.04180064308682,53.247588424437296,251.18971061093248,147.39549839228295,""LubangJalan"""
"07-480-30-Original.mp4#t=7.6.jpg,158.58520900321543,51.70418006430868,251.18971061093248,144.30868167202573,""LubangJalan"""
"07-480-30-Original.mp4#t=7.533333.jpg,155.49839228295818,47.073954983922825,253.50482315112538,145.08038585209002,""LubangJalan"""
"07-480-30-Original.mp4#t=7.666667.jpg,149.3247588424437,60.964630225080384,251.18971061093245,162.82958199356912,""LubangJalan"""
"07-480-30-Original.mp4#t=7.433333.jpg,154.7266881028939,40.90032154340836,250.41800643086816,136.59163987138263,""LubangJalan"""
"07-480-30-Original.mp4#t=7.466667.jpg,148.55305466237942,44.758842443729904,251.9614147909968,148.16720257234726,""LubangJalan"""
"07-480-30-Original.mp4#t=7.366667.jpg,150.09646302250803,36.270096463022504,249.64630225080384,135.8199356913183,""LubangJalan"""
"07-480-30-Original.mp4#t=7.4.jpg,153.18327974276525,38.58520900321543,250.41800643086813,135.8199356913183,""LubangJalan"""
"07-480-30-Original.mp4#t=7.5.jpg,152.41157556270096,40.90032154340836,253.50482315112538,141.9935691318328,""LubangJalan"""
"07-480-30-Original.mp4#t=7.2.jpg,156.2700964630225,31.639871382636652,251.96141479099677,127.33118971061093,""LubangJalan"""
"07-480-30-Original.mp4#t=7.3.jpg,152.41157556270096,34.72668810289389,251.96141479099677,134.2765273311897,""LubangJalan"""
"07-480-30-Original.mp4#t=7.233333.jpg,156.2700964630225,29.324758842443728,250.41800643086816,123.47266881028938,""LubangJalan"""
"07-480-30-Original.mp4#t=7.166667.jpg,153.95498392282957,29.324758842443728,254.2765273311897,129.64630225080384,""LubangJalan"""
"07-480-30-Original.mp4#t=7.333333.jpg,157.04180064308682,37.041800643086816,251.18971061093248,131.18971061093248,""LubangJalan"""
"07-480-30-Original.mp4#t=7.033333.jpg,163.98713826366557,27.781350482315112,252.73311897106106,116.5273311897106,""LubangJalan"""
"07-480-30-Original.mp4#t=7.066667.jpg,162.44372990353696,30.868167202572344,253.50482315112538,121.92926045016077,""LubangJalan"""
"07-480-30-Original.mp4#t=7.1.jpg,159.35691318327974,29.324758842443728,252.7331189710611,122.70096463022507,""LubangJalan"""
"07-480-30-Original.mp4#t=6.966667.jpg,153.18327974276525,29.324758842443728,251.96141479099674,128.10289389067523,""LubangJalan"""
"07-480-30-Original.mp4#t=7.133333.jpg,156.2700964630225,30.868167202572344,254.2765273311897,128.87459807073955,""LubangJalan"""
"07-480-30-Original.mp4#t=6.733333.jpg,160.90032154340835,28.55305466237942,257.3633440514469,125.016077170418,""LubangJalan"""
"07-480-30-Original.mp4#t=6.766667.jpg,160.90032154340835,28.55305466237942,257.3633440514469,125.016077170418,""LubangJalan"""
"07-480-30-Original.mp4#t=6.9.jpg,164.7588424437299,27.781350482315112,254.2765273311897,117.29903536977491,""LubangJalan"""
"07-480-30-Original.mp4#t=6.666667.jpg,160.12861736334403,27.781350482315112,257.3633440514469,125.01607717041799,""LubangJalan"""
"07-480-30-Original.mp4#t=6.866667.jpg,160.90032154340835,28.55305466237942,254.2765273311897,121.92926045016077,""LubangJalan"""
"07-480-30-Original.mp4#t=6.566667.jpg,168.61736334405143,26.237942122186492,258.90675241157555,116.52733118971061,""LubangJalan"""
"07-480-30-Original.mp4#t=6.6.jpg,169.38906752411575,27.781350482315112,263.5369774919614,121.92926045016077,""LubangJalan"""
"07-480-30-Original.mp4#t=6.5.jpg,163.98713826366557,29.324758842443728,260.45016077170413,125.7877813504823,""LubangJalan"""
"07-480-30-Original.mp4#t=6.533333.jpg,167.84565916398714,27.0096463022508,261.22186495176845,120.38585209003215,""LubangJalan"""
"07-480-30-Original.mp4#t=6.633333.jpg,163.21543408360128,27.0096463022508,258.90675241157555,122.70096463022507,""LubangJalan"""
"07-480-30-Original.mp4#t=6.433333.jpg,161.67202572347267,26.237942122186492,258.90675241157555,123.47266881028938,""LubangJalan"""
"07-480-30-Original.mp4#t=6.466667.jpg,162.44372990353696,25.466237942122184,260.4501607717042,123.47266881028938,""LubangJalan"""
"07-480-30-Original.mp4#t=6.333333.jpg,160.90032154340835,31.639871382636652,257.3633440514469,128.10289389067523,""LubangJalan"""
"07-480-30-Original.mp4#t=6.366667.jpg,169.38906752411575,29.324758842443728,258.13504823151123,118.07073954983922,""LubangJalan"""
"07-480-30-Original.mp4#t=6.3.jpg,167.07395498392282,33.18327974276527,256.59163987138265,122.70096463022509,""LubangJalan"""
"07-480-30-Original.mp4#t=6.233333.jpg,160.90032154340835,30.868167202572344,257.3633440514469,127.33118971061091,""LubangJalan"""
"07-480-30-Original.mp4#t=6.266667.jpg,161.67202572347267,30.096463022508036,258.90675241157555,127.33118971061091,""LubangJalan"""
"07-480-30-Original.mp4#t=6.1.jpg,157.8135048231511,31.639871382636652,254.2765273311897,128.10289389067523,""LubangJalan"""
"07-480-30-Original.mp4#t=6.166667.jpg,159.35691318327974,30.096463022508036,257.3633440514469,128.10289389067523,""LubangJalan"""
"07-480-30-Original.mp4#t=6.133333.jpg,165.5305466237942,30.868167202572344,256.59163987138265,121.92926045016077,""LubangJalan"""
"07-480-30-Original.mp4#t=6.jpg,157.04180064308682,36.270096463022504,253.50482315112538,132.7331189710611,""LubangJalan"""
"07-480-30-Original.mp4#t=5.966667.jpg,157.04180064308682,34.72668810289389,253.50482315112538,131.18971061093248,""LubangJalan"""
